{"stats":{"minecraft:custom":{"minecraft:time_since_rest":8859,"minecraft:interact_with_furnace":8,"minecraft:sprint_one_cm":43412,"minecraft:damage_taken":1830,"minecraft:walk_one_cm":24287,"tombstone:sneak_grave":1,"minecraft:mob_kills":12,"minecraft:drop":11,"tombstone:raider_killed":9,"minecraft:damage_dealt":3005,"minecraft:swim_one_cm":10369,"minecraft:interact_with_crafting_table":12,"minecraft:fly_one_cm":54753,"minecraft:play_one_minute":32118,"minecraft:crouch_one_cm":4730,"tombstone:undead_killed":2,"minecraft:deaths":7,"minecraft:sneak_time":1709,"minecraft:walk_under_water_one_cm":9145,"minecraft:jump":326,"minecraft:leave_game":1,"minecraft:walk_on_water_one_cm":2561,"minecraft:time_since_death":9220,"minecraft:fall_one_cm":6435},"minecraft:killed":{"mca:male_zombie_villager":2,"minecraft:witch":9},"minecraft:dropped":{"minecraft:kelp":9,"minecraft:glass_bottle":1,"tombstone:grave_key":2,"minecraft:wooden_axe":1,"minecraft:stone_pickaxe":1,"minecraft:wooden_pickaxe":1,"biomesoplenty:jacaranda_planks":2},"minecraft:used":{"minecraft:wooden_axe":58,"minecraft:iron_pickaxe":27,"minecraft:iron_axe":3,"minecraft:stone_pickaxe":17,"minecraft:wooden_pickaxe":3,"minecraft:crafting_table":3,"minecraft:furnace":2,"tombstone:gift":6},"minecraft:picked_up":{"minecraft:stick":5,"minecraft:crafting_table":3,"minecraft:oak_log":4,"tombstone:grave_key":1,"biomesoplenty:jacaranda_planks":2,"minecraft:gunpowder":4,"minecraft:sugar":4,"biomesoplenty:jacaranda_log":10,"minecraft:kelp":4,"minecraft:iron_ore":21,"minecraft:glass_bottle":1,"minecraft:glowstone_dust":1,"minecraft:cobblestone":25,"minecraft:furnace":1},"minecraft:mined":{"biomesoplenty:jacaranda_leaves":5,"biomesoplenty:jacaranda_log":10,"minecraft:furnace":1,"minecraft:kelp_plant":4,"minecraft:iron_ore":21,"minecraft:crafting_table":3,"minecraft:grass":9,"minecraft:oak_log":4,"biomesoplenty:sprout":1,"minecraft:stone":25,"minecraft:kelp":2},"minecraft:killed_by":{"mca:male_zombie_villager":3,"minecraft:witch":1},"minecraft:crafted":{"minecraft:oak_planks":16,"biomesoplenty:jacaranda_planks":40,"minecraft:iron_axe":1,"minecraft:shield":1,"minecraft:crafting_table":1,"minecraft:stick":12,"minecraft:iron_ingot":8,"minecraft:wooden_pickaxe":1,"minecraft:iron_pickaxe":1,"minecraft:stone_pickaxe":1,"minecraft:wooden_axe":2,"minecraft:furnace":1,"minecraft:air":0},"minecraft:broken":{"minecraft:wooden_axe":1}},"DataVersion":2586}